label,top1,avg3,context_relevance,source
Phishing — direct,0.7149,0.6112,0.1903,NIST SP 800-177 Rev.1 §3
Phishing — indirect,0.2106,0.2106,0.0,Vulnerability Management Reference 20 - Assessment and Remediation
BEC / spear-phishing,0.6295,0.5613,0.1715,CISA Advisory AA22-074A
IR — ransomware,0.2995,0.2995,0.1771,Cloud Security Reference 14 - Configuration and Monitoring
IR — metrics,0.6046,0.5895,0.1237,NIST SP 800-61r2 §3.1 - IR Lifecycle
Vuln — prioritisation,0.6354,0.6125,0.1867,CISA KEV Catalogue Guidance 2024
Vuln — SCA,0.4338,0.4338,0.0552,Vulnerability Management Reference 9 - Assessment and Remediation
Cloud — AWS hardening,0.4333,0.4333,0.1443,Cloud Security Reference 18 - Configuration and Monitoring
Cross-domain,0.4774,0.454,0.1463,NIST SP 800-204C §4 - Zero Trust Microservices
Out-of-scope,0.3367,0.3177,0.052,SANS Incident Handlers Handbook §6 - Eradication
